Year,Rank_Group,MovieTitle,Date,Press,Title,Link,Description
2024,TOP_10,파묘,,,관련도순,#,
2024,TOP_10,파묘,,,전체,javascript:;,
2024,TOP_10,파묘,,,전체,#,
2024,TOP_10,파묘,,,전체,#,
2024,TOP_10,파묘,,,전체,javascript:;,
2024,TOP_10,파묘,,,관련도순,#,
2024,TOP_10,파묘,,,전체,javascript:;,
2024,TOP_10,파묘,,,전체,#,
2024,TOP_10,파묘,,,전체,#,
2024,TOP_10,파묘,,,전체,javascript:;,
2024,TOP_10,파묘,,,관련도순,#,
2024,TOP_10,파묘,,,전체,javascript:;,
2024,TOP_10,파묘,,,전체,#,
2024,TOP_10,파묘,,,전체,#,
2024,TOP_10,파묘,,,전체,javascript:;,
2024,TOP_10,범죄도시4,,,관련도순,#,
2024,TOP_10,범죄도시4,,,전체,javascript:;,
2024,TOP_10,범죄도시4,,,전체,#,
2024,TOP_10,범죄도시4,,,전체,#,
2024,TOP_10,범죄도시4,,,전체,javascript:;,
2024,TOP_10,범죄도시4,,,관련도순,#,
2024,TOP_10,범죄도시4,,,전체,javascript:;,
2024,TOP_10,범죄도시4,,,전체,#,
2024,TOP_10,범죄도시4,,,전체,#,
2024,TOP_10,범죄도시4,,,전체,javascript:;,
2024,TOP_10,범죄도시4,,,관련도순,#,
2024,TOP_10,범죄도시4,,,전체,javascript:;,
2024,TOP_10,범죄도시4,,,전체,#,
2024,TOP_10,범죄도시4,,,전체,#,
2024,TOP_10,범죄도시4,,,전체,javascript:;,
2024,TOP_10,인사이드 아웃 2,,,관련도순,#,
2024,TOP_10,인사이드 아웃 2,,,전체,javascript:;,
2024,TOP_10,인사이드 아웃 2,,,전체,#,
2024,TOP_10,인사이드 아웃 2,,,전체,#,
2024,TOP_10,인사이드 아웃 2,,,전체,javascript:;,
2024,TOP_10,인사이드 아웃 2,,,관련도순,#,
2024,TOP_10,인사이드 아웃 2,,,전체,javascript:;,
2024,TOP_10,인사이드 아웃 2,,,전체,#,
2024,TOP_10,인사이드 아웃 2,,,전체,#,
2024,TOP_10,인사이드 아웃 2,,,전체,javascript:;,
2024,TOP_10,인사이드 아웃 2,,,관련도순,#,
2024,TOP_10,인사이드 아웃 2,,,전체,javascript:;,
2024,TOP_10,인사이드 아웃 2,,,전체,#,
2024,TOP_10,인사이드 아웃 2,,,전체,#,
2024,TOP_10,인사이드 아웃 2,,,전체,javascript:;,
2024,TOP_10,베테랑2,,,관련도순,#,
2024,TOP_10,베테랑2,,,전체,javascript:;,
2024,TOP_10,베테랑2,,,전체,#,
2024,TOP_10,베테랑2,,,전체,#,
2024,TOP_10,베테랑2,,,전체,javascript:;,
2024,TOP_10,베테랑2,,,관련도순,#,
2024,TOP_10,베테랑2,,,전체,javascript:;,
2024,TOP_10,베테랑2,,,전체,#,
2024,TOP_10,베테랑2,,,전체,#,
2024,TOP_10,베테랑2,,,전체,javascript:;,
2024,TOP_10,베테랑2,,,관련도순,#,
2024,TOP_10,베테랑2,,,전체,javascript:;,
2024,TOP_10,베테랑2,,,전체,#,
2024,TOP_10,베테랑2,,,전체,#,
2024,TOP_10,베테랑2,,,전체,javascript:;,
2024,TOP_10,파일럿,,,관련도순,#,
2024,TOP_10,파일럿,,,전체,javascript:;,
2024,TOP_10,파일럿,,,전체,#,
2024,TOP_10,파일럿,,,전체,#,
2024,TOP_10,파일럿,,,전체,javascript:;,
2024,TOP_10,파일럿,,,관련도순,#,
2024,TOP_10,파일럿,,,전체,javascript:;,
2024,TOP_10,파일럿,,,전체,#,
2024,TOP_10,파일럿,,,전체,#,
2024,TOP_10,파일럿,,,전체,javascript:;,
2024,TOP_10,파일럿,,,관련도순,#,
2024,TOP_10,파일럿,,,전체,javascript:;,
2024,TOP_10,파일럿,,,전체,#,
2024,TOP_10,파일럿,,,전체,#,
2024,TOP_10,파일럿,,,전체,javascript:;,
2024,TOP_10,웡카,,,관련도순,#,
2024,TOP_10,웡카,,,전체,javascript:;,
2024,TOP_10,웡카,,,전체,#,
2024,TOP_10,웡카,,,전체,#,
2024,TOP_10,웡카,,,전체,javascript:;,
2024,TOP_10,웡카,,,관련도순,#,
2024,TOP_10,웡카,,,전체,javascript:;,
2024,TOP_10,웡카,,,전체,#,
2024,TOP_10,웡카,,,전체,#,
2024,TOP_10,웡카,,,전체,javascript:;,
2024,TOP_10,웡카,,,관련도순,#,
2024,TOP_10,웡카,,,전체,javascript:;,
2024,TOP_10,웡카,,,전체,#,
2024,TOP_10,웡카,,,전체,#,
2024,TOP_10,웡카,,,전체,javascript:;,
2024,TOP_10,모아나 2,,,관련도순,#,
2024,TOP_10,모아나 2,,,전체,javascript:;,
2024,TOP_10,모아나 2,,,전체,#,
2024,TOP_10,모아나 2,,,전체,#,
2024,TOP_10,모아나 2,,,전체,javascript:;,
2024,TOP_10,모아나 2,,,관련도순,#,
2024,TOP_10,모아나 2,,,전체,javascript:;,
2024,TOP_10,모아나 2,,,전체,#,
2024,TOP_10,모아나 2,,,전체,#,
2024,TOP_10,모아나 2,,,전체,javascript:;,
2024,TOP_10,모아나 2,,,관련도순,#,
2024,TOP_10,모아나 2,,,전체,javascript:;,
2024,TOP_10,모아나 2,,,전체,#,
2024,TOP_10,모아나 2,,,전체,#,
2024,TOP_10,모아나 2,,,전체,javascript:;,
2024,TOP_10,소방관,,,관련도순,#,
2024,TOP_10,소방관,,,전체,javascript:;,
2024,TOP_10,소방관,,,전체,#,
2024,TOP_10,소방관,,,전체,#,
2024,TOP_10,소방관,,,전체,javascript:;,
2024,TOP_10,소방관,,,관련도순,#,
2024,TOP_10,소방관,,,전체,javascript:;,
2024,TOP_10,소방관,,,전체,#,
2024,TOP_10,소방관,,,전체,#,
2024,TOP_10,소방관,,,전체,javascript:;,
2024,TOP_10,소방관,,,관련도순,#,
2024,TOP_10,소방관,,,전체,javascript:;,
2024,TOP_10,소방관,,,전체,#,
2024,TOP_10,소방관,,,전체,#,
2024,TOP_10,소방관,,,전체,javascript:;,
2024,TOP_10,하얼빈,,,관련도순,#,
2024,TOP_10,하얼빈,,,전체,javascript:;,
2024,TOP_10,하얼빈,,,전체,#,
2024,TOP_10,하얼빈,,,전체,#,
2024,TOP_10,하얼빈,,,전체,javascript:;,
2024,TOP_10,하얼빈,,,관련도순,#,
2024,TOP_10,하얼빈,,,전체,javascript:;,
2024,TOP_10,하얼빈,,,전체,#,
2024,TOP_10,하얼빈,,,전체,#,
2024,TOP_10,하얼빈,,,전체,javascript:;,
2024,TOP_10,하얼빈,,,관련도순,#,
2024,TOP_10,하얼빈,,,전체,javascript:;,
2024,TOP_10,하얼빈,,,전체,#,
2024,TOP_10,하얼빈,,,전체,#,
2024,TOP_10,하얼빈,,,전체,javascript:;,
2024,TOP_10,탈주,,,관련도순,#,
2024,TOP_10,탈주,,,전체,javascript:;,
2024,TOP_10,탈주,,,전체,#,
2024,TOP_10,탈주,,,전체,#,
2024,TOP_10,탈주,,,전체,javascript:;,
2024,TOP_10,탈주,,,관련도순,#,
2024,TOP_10,탈주,,,전체,javascript:;,
2024,TOP_10,탈주,,,전체,#,
2024,TOP_10,탈주,,,전체,#,
2024,TOP_10,탈주,,,전체,javascript:;,
2024,TOP_10,탈주,,,관련도순,#,
2024,TOP_10,탈주,,,전체,javascript:;,
2024,TOP_10,탈주,,,전체,#,
2024,TOP_10,탈주,,,전체,#,
2024,TOP_10,탈주,,,전체,javascript:;,
2024,BOTTOM_10,비키퍼,,,관련도순,#,
2024,BOTTOM_10,비키퍼,,,전체,javascript:;,
2024,BOTTOM_10,비키퍼,,,전체,#,
2024,BOTTOM_10,비키퍼,,,전체,#,
2024,BOTTOM_10,비키퍼,,,전체,javascript:;,
2024,BOTTOM_10,비키퍼,,,관련도순,#,
2024,BOTTOM_10,비키퍼,,,전체,javascript:;,
2024,BOTTOM_10,비키퍼,,,전체,#,
2024,BOTTOM_10,비키퍼,,,전체,#,
2024,BOTTOM_10,비키퍼,,,전체,javascript:;,
2024,BOTTOM_10,비키퍼,,,관련도순,#,
2024,BOTTOM_10,비키퍼,,,전체,javascript:;,
2024,BOTTOM_10,비키퍼,,,전체,#,
2024,BOTTOM_10,비키퍼,,,전체,#,
2024,BOTTOM_10,비키퍼,,,전체,javascript:;,
2024,BOTTOM_10,보고타: 마지막 기회의 땅,,,관련도순,#,
2024,BOTTOM_10,보고타: 마지막 기회의 땅,,,전체,javascript:;,
2024,BOTTOM_10,보고타: 마지막 기회의 땅,,,전체,#,
2024,BOTTOM_10,보고타: 마지막 기회의 땅,,,전체,#,
2024,BOTTOM_10,보고타: 마지막 기회의 땅,,,전체,javascript:;,
2024,BOTTOM_10,보고타: 마지막 기회의 땅,,,관련도순,#,
2024,BOTTOM_10,보고타: 마지막 기회의 땅,,,전체,javascript:;,
2024,BOTTOM_10,보고타: 마지막 기회의 땅,,,전체,#,
2024,BOTTOM_10,보고타: 마지막 기회의 땅,,,전체,#,
2024,BOTTOM_10,보고타: 마지막 기회의 땅,,,전체,javascript:;,
2024,BOTTOM_10,보고타: 마지막 기회의 땅,,,관련도순,#,
2024,BOTTOM_10,보고타: 마지막 기회의 땅,,,전체,javascript:;,
2024,BOTTOM_10,보고타: 마지막 기회의 땅,,,전체,#,
2024,BOTTOM_10,보고타: 마지막 기회의 땅,,,전체,#,
2024,BOTTOM_10,보고타: 마지막 기회의 땅,,,전체,javascript:;,
2024,BOTTOM_10,악마와의 토크쇼,,,관련도순,#,
2024,BOTTOM_10,악마와의 토크쇼,,,전체,javascript:;,
2024,BOTTOM_10,악마와의 토크쇼,,,전체,#,
2024,BOTTOM_10,악마와의 토크쇼,,,전체,#,
2024,BOTTOM_10,악마와의 토크쇼,,,전체,javascript:;,
2024,BOTTOM_10,악마와의 토크쇼,,,관련도순,#,
2024,BOTTOM_10,악마와의 토크쇼,,,전체,javascript:;,
2024,BOTTOM_10,악마와의 토크쇼,,,전체,#,
2024,BOTTOM_10,악마와의 토크쇼,,,전체,#,
2024,BOTTOM_10,악마와의 토크쇼,,,전체,javascript:;,
2024,BOTTOM_10,악마와의 토크쇼,,,관련도순,#,
2024,BOTTOM_10,악마와의 토크쇼,,,전체,javascript:;,
2024,BOTTOM_10,악마와의 토크쇼,,,전체,#,
2024,BOTTOM_10,악마와의 토크쇼,,,전체,#,
2024,BOTTOM_10,악마와의 토크쇼,,,전체,javascript:;,
2024,BOTTOM_10,극장판 블루 록 -에피소드 나기-,,,관련도순,#,
2024,BOTTOM_10,극장판 블루 록 -에피소드 나기-,,,전체,javascript:;,
2024,BOTTOM_10,극장판 블루 록 -에피소드 나기-,,,전체,#,
2024,BOTTOM_10,극장판 블루 록 -에피소드 나기-,,,전체,#,
2024,BOTTOM_10,극장판 블루 록 -에피소드 나기-,,,전체,javascript:;,
2024,BOTTOM_10,극장판 블루 록 -에피소드 나기-,,,관련도순,#,
2024,BOTTOM_10,극장판 블루 록 -에피소드 나기-,,,전체,javascript:;,
2024,BOTTOM_10,극장판 블루 록 -에피소드 나기-,,,전체,#,
2024,BOTTOM_10,극장판 블루 록 -에피소드 나기-,,,전체,#,
2024,BOTTOM_10,극장판 블루 록 -에피소드 나기-,,,전체,javascript:;,
2024,BOTTOM_10,극장판 블루 록 -에피소드 나기-,,,관련도순,#,
2024,BOTTOM_10,극장판 블루 록 -에피소드 나기-,,,전체,javascript:;,
2024,BOTTOM_10,극장판 블루 록 -에피소드 나기-,,,전체,#,
2024,BOTTOM_10,극장판 블루 록 -에피소드 나기-,,,전체,#,
2024,BOTTOM_10,극장판 블루 록 -에피소드 나기-,,,전체,javascript:;,
2024,BOTTOM_10,더 퍼스트 슬램덩크,,,관련도순,#,
2024,BOTTOM_10,더 퍼스트 슬램덩크,,,전체,javascript:;,
2024,BOTTOM_10,더 퍼스트 슬램덩크,,,전체,#,
2024,BOTTOM_10,더 퍼스트 슬램덩크,,,전체,#,
2024,BOTTOM_10,더 퍼스트 슬램덩크,,,전체,javascript:;,
2024,BOTTOM_10,더 퍼스트 슬램덩크,,,관련도순,#,
2024,BOTTOM_10,더 퍼스트 슬램덩크,,,전체,javascript:;,
2024,BOTTOM_10,더 퍼스트 슬램덩크,,,전체,#,
2024,BOTTOM_10,더 퍼스트 슬램덩크,,,전체,#,
2024,BOTTOM_10,더 퍼스트 슬램덩크,,,전체,javascript:;,
2024,BOTTOM_10,더 퍼스트 슬램덩크,,,관련도순,#,
2024,BOTTOM_10,더 퍼스트 슬램덩크,,,전체,javascript:;,
2024,BOTTOM_10,더 퍼스트 슬램덩크,,,전체,#,
2024,BOTTOM_10,더 퍼스트 슬램덩크,,,전체,#,
2024,BOTTOM_10,더 퍼스트 슬램덩크,,,전체,javascript:;,
2024,BOTTOM_10,챌린저스,,,관련도순,#,
2024,BOTTOM_10,챌린저스,,,전체,javascript:;,
2024,BOTTOM_10,챌린저스,,,전체,#,
2024,BOTTOM_10,챌린저스,,,전체,#,
2024,BOTTOM_10,챌린저스,,,전체,javascript:;,
2024,BOTTOM_10,챌린저스,,,관련도순,#,
2024,BOTTOM_10,챌린저스,,,전체,javascript:;,
2024,BOTTOM_10,챌린저스,,,전체,#,
2024,BOTTOM_10,챌린저스,,,전체,#,
2024,BOTTOM_10,챌린저스,,,전체,javascript:;,
2024,BOTTOM_10,챌린저스,,,관련도순,#,
2024,BOTTOM_10,챌린저스,,,전체,javascript:;,
2024,BOTTOM_10,챌린저스,,,전체,#,
2024,BOTTOM_10,챌린저스,,,전체,#,
2024,BOTTOM_10,챌린저스,,,전체,javascript:;,
2024,BOTTOM_10,더러운 돈에 손대지 마라,,,관련도순,#,
2024,BOTTOM_10,더러운 돈에 손대지 마라,,,전체,javascript:;,
2024,BOTTOM_10,더러운 돈에 손대지 마라,,,전체,#,
2024,BOTTOM_10,더러운 돈에 손대지 마라,,,전체,#,
2024,BOTTOM_10,더러운 돈에 손대지 마라,,,전체,javascript:;,
2024,BOTTOM_10,더러운 돈에 손대지 마라,,,관련도순,#,
2024,BOTTOM_10,더러운 돈에 손대지 마라,,,전체,javascript:;,
2024,BOTTOM_10,더러운 돈에 손대지 마라,,,전체,#,
2024,BOTTOM_10,더러운 돈에 손대지 마라,,,전체,#,
2024,BOTTOM_10,더러운 돈에 손대지 마라,,,전체,javascript:;,
2024,BOTTOM_10,더러운 돈에 손대지 마라,,,관련도순,#,
2024,BOTTOM_10,더러운 돈에 손대지 마라,,,전체,javascript:;,
2024,BOTTOM_10,더러운 돈에 손대지 마라,,,전체,#,
2024,BOTTOM_10,더러운 돈에 손대지 마라,,,전체,#,
2024,BOTTOM_10,더러운 돈에 손대지 마라,,,전체,javascript:;,
2024,BOTTOM_10,명탐정 코난: 시한장치의 마천루,,,관련도순,#,
2024,BOTTOM_10,명탐정 코난: 시한장치의 마천루,,,전체,javascript:;,
2024,BOTTOM_10,명탐정 코난: 시한장치의 마천루,,,전체,#,
2024,BOTTOM_10,명탐정 코난: 시한장치의 마천루,,,전체,#,
2024,BOTTOM_10,명탐정 코난: 시한장치의 마천루,,,전체,javascript:;,
2024,BOTTOM_10,명탐정 코난: 시한장치의 마천루,,,관련도순,#,
2024,BOTTOM_10,명탐정 코난: 시한장치의 마천루,,,전체,javascript:;,
2024,BOTTOM_10,명탐정 코난: 시한장치의 마천루,,,전체,#,
2024,BOTTOM_10,명탐정 코난: 시한장치의 마천루,,,전체,#,
2024,BOTTOM_10,명탐정 코난: 시한장치의 마천루,,,전체,javascript:;,
2024,BOTTOM_10,명탐정 코난: 시한장치의 마천루,,,관련도순,#,
2024,BOTTOM_10,명탐정 코난: 시한장치의 마천루,,,전체,javascript:;,
2024,BOTTOM_10,명탐정 코난: 시한장치의 마천루,,,전체,#,
2024,BOTTOM_10,명탐정 코난: 시한장치의 마천루,,,전체,#,
2024,BOTTOM_10,명탐정 코난: 시한장치의 마천루,,,전체,javascript:;,
2024,BOTTOM_10,극장총집편 봇치 더 록! 전편,,,관련도순,#,
2024,BOTTOM_10,극장총집편 봇치 더 록! 전편,,,전체,javascript:;,
2024,BOTTOM_10,극장총집편 봇치 더 록! 전편,,,전체,#,
2024,BOTTOM_10,극장총집편 봇치 더 록! 전편,,,전체,#,
2024,BOTTOM_10,극장총집편 봇치 더 록! 전편,,,전체,javascript:;,
2024,BOTTOM_10,극장총집편 봇치 더 록! 전편,,,관련도순,#,
2024,BOTTOM_10,극장총집편 봇치 더 록! 전편,,,전체,javascript:;,
2024,BOTTOM_10,극장총집편 봇치 더 록! 전편,,,전체,#,
2024,BOTTOM_10,극장총집편 봇치 더 록! 전편,,,전체,#,
2024,BOTTOM_10,극장총집편 봇치 더 록! 전편,,,전체,javascript:;,
2024,BOTTOM_10,극장총집편 봇치 더 록! 전편,,,관련도순,#,
2024,BOTTOM_10,극장총집편 봇치 더 록! 전편,,,전체,javascript:;,
2024,BOTTOM_10,극장총집편 봇치 더 록! 전편,,,전체,#,
2024,BOTTOM_10,극장총집편 봇치 더 록! 전편,,,전체,#,
2024,BOTTOM_10,극장총집편 봇치 더 록! 전편,,,전체,javascript:;,
2024,BOTTOM_10,퍼스트레이디,,,관련도순,#,
2024,BOTTOM_10,퍼스트레이디,,,전체,javascript:;,
2024,BOTTOM_10,퍼스트레이디,,,전체,#,
2024,BOTTOM_10,퍼스트레이디,,,전체,#,
2024,BOTTOM_10,퍼스트레이디,,,전체,javascript:;,
2024,BOTTOM_10,퍼스트레이디,,,관련도순,#,
2024,BOTTOM_10,퍼스트레이디,,,전체,javascript:;,
2024,BOTTOM_10,퍼스트레이디,,,전체,#,
2024,BOTTOM_10,퍼스트레이디,,,전체,#,
2024,BOTTOM_10,퍼스트레이디,,,전체,javascript:;,
2024,BOTTOM_10,퍼스트레이디,,,관련도순,#,
2024,BOTTOM_10,퍼스트레이디,,,전체,javascript:;,
2024,BOTTOM_10,퍼스트레이디,,,전체,#,
2024,BOTTOM_10,퍼스트레이디,,,전체,#,
2024,BOTTOM_10,퍼스트레이디,,,전체,javascript:;,
2020,TOP_10,남산의 부장들,,,관련도순,#,
2020,TOP_10,남산의 부장들,,,전체,javascript:;,
2020,TOP_10,남산의 부장들,,,전체,#,
2020,TOP_10,남산의 부장들,,,전체,#,
2020,TOP_10,남산의 부장들,,,전체,javascript:;,
2020,TOP_10,남산의 부장들,,,관련도순,#,
2020,TOP_10,남산의 부장들,,,전체,javascript:;,
2020,TOP_10,남산의 부장들,,,전체,#,
2020,TOP_10,남산의 부장들,,,전체,#,
2020,TOP_10,남산의 부장들,,,전체,javascript:;,
2020,TOP_10,남산의 부장들,,,관련도순,#,
2020,TOP_10,남산의 부장들,,,전체,javascript:;,
2020,TOP_10,남산의 부장들,,,전체,#,
2020,TOP_10,남산의 부장들,,,전체,#,
2020,TOP_10,남산의 부장들,,,전체,javascript:;,
2020,TOP_10,다만 악에서 구하소서,,,관련도순,#,
2020,TOP_10,다만 악에서 구하소서,,,전체,javascript:;,
2020,TOP_10,다만 악에서 구하소서,,,전체,#,
2020,TOP_10,다만 악에서 구하소서,,,전체,#,
2020,TOP_10,다만 악에서 구하소서,,,전체,javascript:;,
2020,TOP_10,다만 악에서 구하소서,,,관련도순,#,
2020,TOP_10,다만 악에서 구하소서,,,전체,javascript:;,
2020,TOP_10,다만 악에서 구하소서,,,전체,#,
2020,TOP_10,다만 악에서 구하소서,,,전체,#,
2020,TOP_10,다만 악에서 구하소서,,,전체,javascript:;,
2020,TOP_10,다만 악에서 구하소서,,,관련도순,#,
2020,TOP_10,다만 악에서 구하소서,,,전체,javascript:;,
2020,TOP_10,다만 악에서 구하소서,,,전체,#,
2020,TOP_10,다만 악에서 구하소서,,,전체,#,
2020,TOP_10,다만 악에서 구하소서,,,전체,javascript:;,
2020,TOP_10,반도,,,관련도순,#,
2020,TOP_10,반도,,,전체,javascript:;,
2020,TOP_10,반도,,,전체,#,
2020,TOP_10,반도,,,전체,#,
2020,TOP_10,반도,,,전체,javascript:;,
2020,TOP_10,반도,,,관련도순,#,
2020,TOP_10,반도,,,전체,javascript:;,
2020,TOP_10,반도,,,전체,#,
2020,TOP_10,반도,,,전체,#,
2020,TOP_10,반도,,,전체,javascript:;,
2020,TOP_10,반도,,,관련도순,#,
2020,TOP_10,반도,,,전체,javascript:;,
2020,TOP_10,반도,,,전체,#,
2020,TOP_10,반도,,,전체,#,
2020,TOP_10,반도,,,전체,javascript:;,
2020,TOP_10,히트맨,,,관련도순,#,
2020,TOP_10,히트맨,,,전체,javascript:;,
2020,TOP_10,히트맨,,,전체,#,
2020,TOP_10,히트맨,,,전체,#,
2020,TOP_10,히트맨,,,전체,javascript:;,
2020,TOP_10,히트맨,,,관련도순,#,
2020,TOP_10,히트맨,,,전체,javascript:;,
2020,TOP_10,히트맨,,,전체,#,
2020,TOP_10,히트맨,,,전체,#,
2020,TOP_10,히트맨,,,전체,javascript:;,
2020,TOP_10,히트맨,,,관련도순,#,
2020,TOP_10,히트맨,,,전체,javascript:;,
2020,TOP_10,히트맨,,,전체,#,
2020,TOP_10,히트맨,,,전체,#,
2020,TOP_10,히트맨,,,전체,javascript:;,
2020,TOP_10,테넷,,,관련도순,#,
2020,TOP_10,테넷,,,전체,javascript:;,
2020,TOP_10,테넷,,,전체,#,
2020,TOP_10,테넷,,,전체,#,
2020,TOP_10,테넷,,,전체,javascript:;,
2020,TOP_10,테넷,,,관련도순,#,
2020,TOP_10,테넷,,,전체,javascript:;,
2020,TOP_10,테넷,,,전체,#,
2020,TOP_10,테넷,,,전체,#,
2020,TOP_10,테넷,,,전체,javascript:;,
2020,TOP_10,테넷,,,관련도순,#,
2020,TOP_10,테넷,,,전체,javascript:;,
2020,TOP_10,테넷,,,전체,#,
2020,TOP_10,테넷,,,전체,#,
2020,TOP_10,테넷,,,전체,javascript:;,
2020,TOP_10,백두산,,,관련도순,#,
2020,TOP_10,백두산,,,전체,javascript:;,
2020,TOP_10,백두산,,,전체,#,
2020,TOP_10,백두산,,,전체,#,
2020,TOP_10,백두산,,,전체,javascript:;,
2020,TOP_10,백두산,,,관련도순,#,
2020,TOP_10,백두산,,,전체,javascript:;,
2020,TOP_10,백두산,,,전체,#,
2020,TOP_10,백두산,,,전체,#,
2020,TOP_10,백두산,,,전체,javascript:;,
2020,TOP_10,백두산,,,관련도순,#,
2020,TOP_10,백두산,,,전체,javascript:;,
2020,TOP_10,백두산,,,전체,#,
2020,TOP_10,백두산,,,전체,#,
2020,TOP_10,백두산,,,전체,javascript:;,
2020,TOP_10,#살아있다,,,관련도순,#,
2020,TOP_10,#살아있다,,,전체,javascript:;,
2020,TOP_10,#살아있다,,,전체,#,
2020,TOP_10,#살아있다,,,전체,#,
2020,TOP_10,#살아있다,,,전체,javascript:;,
2020,TOP_10,#살아있다,,,관련도순,#,
2020,TOP_10,#살아있다,,,전체,javascript:;,
2020,TOP_10,#살아있다,,,전체,#,
2020,TOP_10,#살아있다,,,전체,#,
2020,TOP_10,#살아있다,,,전체,javascript:;,
2020,TOP_10,#살아있다,,,관련도순,#,
2020,TOP_10,#살아있다,,,전체,javascript:;,
2020,TOP_10,#살아있다,,,전체,#,
2020,TOP_10,#살아있다,,,전체,#,
2020,TOP_10,#살아있다,,,전체,javascript:;,
2020,TOP_10,강철비2: 정상회담,,,관련도순,#,
2020,TOP_10,강철비2: 정상회담,,,전체,javascript:;,
2020,TOP_10,강철비2: 정상회담,,,전체,#,
2020,TOP_10,강철비2: 정상회담,,,전체,#,
2020,TOP_10,강철비2: 정상회담,,,전체,javascript:;,
2020,TOP_10,강철비2: 정상회담,,,관련도순,#,
2020,TOP_10,강철비2: 정상회담,,,전체,javascript:;,
2020,TOP_10,강철비2: 정상회담,,,전체,#,
2020,TOP_10,강철비2: 정상회담,,,전체,#,
2020,TOP_10,강철비2: 정상회담,,,전체,javascript:;,
2020,TOP_10,강철비2: 정상회담,,,관련도순,#,
2020,TOP_10,강철비2: 정상회담,,,전체,javascript:;,
2020,TOP_10,강철비2: 정상회담,,,전체,#,
2020,TOP_10,강철비2: 정상회담,,,전체,#,
2020,TOP_10,강철비2: 정상회담,,,전체,javascript:;,
2020,TOP_10,담보,,,관련도순,#,
2020,TOP_10,담보,,,전체,javascript:;,
2020,TOP_10,담보,,,전체,#,
2020,TOP_10,담보,,,전체,#,
2020,TOP_10,담보,,,전체,javascript:;,
2020,TOP_10,담보,,,관련도순,#,
2020,TOP_10,담보,,,전체,javascript:;,
2020,TOP_10,담보,,,전체,#,
2020,TOP_10,담보,,,전체,#,
2020,TOP_10,담보,,,전체,javascript:;,
2020,TOP_10,담보,,,관련도순,#,
2020,TOP_10,담보,,,전체,javascript:;,
2020,TOP_10,담보,,,전체,#,
2020,TOP_10,담보,,,전체,#,
2020,TOP_10,담보,,,전체,javascript:;,
2020,TOP_10,닥터 두리틀,,,관련도순,#,
2020,TOP_10,닥터 두리틀,,,전체,javascript:;,
2020,TOP_10,닥터 두리틀,,,전체,#,
2020,TOP_10,닥터 두리틀,,,전체,#,
2020,TOP_10,닥터 두리틀,,,전체,javascript:;,
2020,TOP_10,닥터 두리틀,,,관련도순,#,
2020,TOP_10,닥터 두리틀,,,전체,javascript:;,
2020,TOP_10,닥터 두리틀,,,전체,#,
2020,TOP_10,닥터 두리틀,,,전체,#,
2020,TOP_10,닥터 두리틀,,,전체,javascript:;,
2020,TOP_10,닥터 두리틀,,,관련도순,#,
2020,TOP_10,닥터 두리틀,,,전체,javascript:;,
2020,TOP_10,닥터 두리틀,,,전체,#,
2020,TOP_10,닥터 두리틀,,,전체,#,
2020,TOP_10,닥터 두리틀,,,전체,javascript:;,
2020,BOTTOM_10,나의 첫 번째 슈퍼스타,,,관련도순,#,
2020,BOTTOM_10,나의 첫 번째 슈퍼스타,,,전체,javascript:;,
2020,BOTTOM_10,나의 첫 번째 슈퍼스타,,,전체,#,
2020,BOTTOM_10,나의 첫 번째 슈퍼스타,,,전체,#,
2020,BOTTOM_10,나의 첫 번째 슈퍼스타,,,전체,javascript:;,
2020,BOTTOM_10,나의 첫 번째 슈퍼스타,,,관련도순,#,
2020,BOTTOM_10,나의 첫 번째 슈퍼스타,,,전체,javascript:;,
2020,BOTTOM_10,나의 첫 번째 슈퍼스타,,,전체,#,
2020,BOTTOM_10,나의 첫 번째 슈퍼스타,,,전체,#,
2020,BOTTOM_10,나의 첫 번째 슈퍼스타,,,전체,javascript:;,
2020,BOTTOM_10,나의 첫 번째 슈퍼스타,,,관련도순,#,
2020,BOTTOM_10,나의 첫 번째 슈퍼스타,,,전체,javascript:;,
2020,BOTTOM_10,나의 첫 번째 슈퍼스타,,,전체,#,
2020,BOTTOM_10,나의 첫 번째 슈퍼스타,,,전체,#,
2020,BOTTOM_10,나의 첫 번째 슈퍼스타,,,전체,javascript:;,
2020,BOTTOM_10,프리키 데스데이,,,관련도순,#,
2020,BOTTOM_10,프리키 데스데이,,,전체,javascript:;,
2020,BOTTOM_10,프리키 데스데이,,,전체,#,
2020,BOTTOM_10,프리키 데스데이,,,전체,#,
2020,BOTTOM_10,프리키 데스데이,,,전체,javascript:;,
2020,BOTTOM_10,프리키 데스데이,,,관련도순,#,
2020,BOTTOM_10,프리키 데스데이,,,전체,javascript:;,
2020,BOTTOM_10,프리키 데스데이,,,전체,#,
2020,BOTTOM_10,프리키 데스데이,,,전체,#,
2020,BOTTOM_10,프리키 데스데이,,,전체,javascript:;,
2020,BOTTOM_10,프리키 데스데이,,,관련도순,#,
2020,BOTTOM_10,프리키 데스데이,,,전체,javascript:;,
2020,BOTTOM_10,프리키 데스데이,,,전체,#,
2020,BOTTOM_10,프리키 데스데이,,,전체,#,
2020,BOTTOM_10,프리키 데스데이,,,전체,javascript:;,
2020,BOTTOM_10,아웃포스트,,,관련도순,#,
2020,BOTTOM_10,아웃포스트,,,전체,javascript:;,
2020,BOTTOM_10,아웃포스트,,,전체,#,
2020,BOTTOM_10,아웃포스트,,,전체,#,
2020,BOTTOM_10,아웃포스트,,,전체,javascript:;,
2020,BOTTOM_10,아웃포스트,,,관련도순,#,
2020,BOTTOM_10,아웃포스트,,,전체,javascript:;,
2020,BOTTOM_10,아웃포스트,,,전체,#,
2020,BOTTOM_10,아웃포스트,,,전체,#,
2020,BOTTOM_10,아웃포스트,,,전체,javascript:;,
2020,BOTTOM_10,아웃포스트,,,관련도순,#,
2020,BOTTOM_10,아웃포스트,,,전체,javascript:;,
2020,BOTTOM_10,아웃포스트,,,전체,#,
2020,BOTTOM_10,아웃포스트,,,전체,#,
2020,BOTTOM_10,아웃포스트,,,전체,javascript:;,
2020,BOTTOM_10,스케어리 스토리:어둠의 속삭임,,,관련도순,#,
2020,BOTTOM_10,스케어리 스토리:어둠의 속삭임,,,전체,javascript:;,
2020,BOTTOM_10,스케어리 스토리:어둠의 속삭임,,,전체,#,
2020,BOTTOM_10,스케어리 스토리:어둠의 속삭임,,,전체,#,
2020,BOTTOM_10,스케어리 스토리:어둠의 속삭임,,,전체,javascript:;,
2020,BOTTOM_10,스케어리 스토리:어둠의 속삭임,,,관련도순,#,
2020,BOTTOM_10,스케어리 스토리:어둠의 속삭임,,,전체,javascript:;,
2020,BOTTOM_10,스케어리 스토리:어둠의 속삭임,,,전체,#,
2020,BOTTOM_10,스케어리 스토리:어둠의 속삭임,,,전체,#,
2020,BOTTOM_10,스케어리 스토리:어둠의 속삭임,,,전체,javascript:;,
2020,BOTTOM_10,스케어리 스토리:어둠의 속삭임,,,관련도순,#,
2020,BOTTOM_10,스케어리 스토리:어둠의 속삭임,,,전체,javascript:;,
2020,BOTTOM_10,스케어리 스토리:어둠의 속삭임,,,전체,#,
2020,BOTTOM_10,스케어리 스토리:어둠의 속삭임,,,전체,#,
2020,BOTTOM_10,스케어리 스토리:어둠의 속삭임,,,전체,javascript:;,
2020,BOTTOM_10,파스로티,,,관련도순,#,
2020,BOTTOM_10,파스로티,,,전체,javascript:;,
2020,BOTTOM_10,파스로티,,,전체,#,
2020,BOTTOM_10,파스로티,,,전체,#,
2020,BOTTOM_10,파스로티,,,전체,javascript:;,
2020,BOTTOM_10,파스로티,,,관련도순,#,
2020,BOTTOM_10,파스로티,,,전체,javascript:;,
2020,BOTTOM_10,파스로티,,,전체,#,
2020,BOTTOM_10,파스로티,,,전체,#,
2020,BOTTOM_10,파스로티,,,전체,javascript:;,
2020,BOTTOM_10,파스로티,,,관련도순,#,
2020,BOTTOM_10,파스로티,,,전체,javascript:;,
2020,BOTTOM_10,파스로티,,,전체,#,
2020,BOTTOM_10,파스로티,,,전체,#,
2020,BOTTOM_10,파스로티,,,전체,javascript:;,
2020,BOTTOM_10,피아니스트의 전설,,,관련도순,#,
2020,BOTTOM_10,피아니스트의 전설,,,전체,javascript:;,
2020,BOTTOM_10,피아니스트의 전설,,,전체,#,
2020,BOTTOM_10,피아니스트의 전설,,,전체,#,
2020,BOTTOM_10,피아니스트의 전설,,,전체,javascript:;,
2020,BOTTOM_10,피아니스트의 전설,,,관련도순,#,
2020,BOTTOM_10,피아니스트의 전설,,,전체,javascript:;,
2020,BOTTOM_10,피아니스트의 전설,,,전체,#,
2020,BOTTOM_10,피아니스트의 전설,,,전체,#,
2020,BOTTOM_10,피아니스트의 전설,,,전체,javascript:;,
2020,BOTTOM_10,피아니스트의 전설,,,관련도순,#,
2020,BOTTOM_10,피아니스트의 전설,,,전체,javascript:;,
2020,BOTTOM_10,피아니스트의 전설,,,전체,#,
2020,BOTTOM_10,피아니스트의 전설,,,전체,#,
2020,BOTTOM_10,피아니스트의 전설,,,전체,javascript:;,
2020,BOTTOM_10,아이즈 온 미 : 더 무비,,,관련도순,#,
2020,BOTTOM_10,아이즈 온 미 : 더 무비,,,전체,javascript:;,
2020,BOTTOM_10,아이즈 온 미 : 더 무비,,,전체,#,
2020,BOTTOM_10,아이즈 온 미 : 더 무비,,,전체,#,
2020,BOTTOM_10,아이즈 온 미 : 더 무비,,,전체,javascript:;,
2020,BOTTOM_10,아이즈 온 미 : 더 무비,,,관련도순,#,
2020,BOTTOM_10,아이즈 온 미 : 더 무비,,,전체,javascript:;,
2020,BOTTOM_10,아이즈 온 미 : 더 무비,,,전체,#,
2020,BOTTOM_10,아이즈 온 미 : 더 무비,,,전체,#,
2020,BOTTOM_10,아이즈 온 미 : 더 무비,,,전체,javascript:;,
2020,BOTTOM_10,아이즈 온 미 : 더 무비,,,관련도순,#,
2020,BOTTOM_10,아이즈 온 미 : 더 무비,,,전체,javascript:;,
2020,BOTTOM_10,아이즈 온 미 : 더 무비,,,전체,#,
2020,BOTTOM_10,아이즈 온 미 : 더 무비,,,전체,#,
2020,BOTTOM_10,아이즈 온 미 : 더 무비,,,전체,javascript:;,
2020,BOTTOM_10,야구소녀,,,관련도순,#,
2020,BOTTOM_10,야구소녀,,,전체,javascript:;,
2020,BOTTOM_10,야구소녀,,,전체,#,
2020,BOTTOM_10,야구소녀,,,전체,#,
2020,BOTTOM_10,야구소녀,,,전체,javascript:;,
2020,BOTTOM_10,야구소녀,,,관련도순,#,
2020,BOTTOM_10,야구소녀,,,전체,javascript:;,
2020,BOTTOM_10,야구소녀,,,전체,#,
2020,BOTTOM_10,야구소녀,,,전체,#,
2020,BOTTOM_10,야구소녀,,,전체,javascript:;,
2020,BOTTOM_10,야구소녀,,,관련도순,#,
2020,BOTTOM_10,야구소녀,,,전체,javascript:;,
2020,BOTTOM_10,야구소녀,,,전체,#,
2020,BOTTOM_10,야구소녀,,,전체,#,
2020,BOTTOM_10,야구소녀,,,전체,javascript:;,
2020,BOTTOM_10,애프터: 그 후,,,관련도순,#,
2020,BOTTOM_10,애프터: 그 후,,,전체,javascript:;,
2020,BOTTOM_10,애프터: 그 후,,,전체,#,
2020,BOTTOM_10,애프터: 그 후,,,전체,#,
2020,BOTTOM_10,애프터: 그 후,,,전체,javascript:;,
2020,BOTTOM_10,애프터: 그 후,,,관련도순,#,
2020,BOTTOM_10,애프터: 그 후,,,전체,javascript:;,
2020,BOTTOM_10,애프터: 그 후,,,전체,#,
2020,BOTTOM_10,애프터: 그 후,,,전체,#,
2020,BOTTOM_10,애프터: 그 후,,,전체,javascript:;,
2020,BOTTOM_10,애프터: 그 후,,,관련도순,#,
2020,BOTTOM_10,애프터: 그 후,,,전체,javascript:;,
2020,BOTTOM_10,애프터: 그 후,,,전체,#,
2020,BOTTOM_10,애프터: 그 후,,,전체,#,
2020,BOTTOM_10,애프터: 그 후,,,전체,javascript:;,
2015,TOP_10,베테랑,,,관련도순,#,
2015,TOP_10,베테랑,,,전체,javascript:;,
2015,TOP_10,베테랑,,,전체,#,
2015,TOP_10,베테랑,,,전체,#,
2015,TOP_10,베테랑,,,전체,javascript:;,
2015,TOP_10,베테랑,,,관련도순,#,
2015,TOP_10,베테랑,,,전체,javascript:;,
2015,TOP_10,베테랑,,,전체,#,
2015,TOP_10,베테랑,,,전체,#,
2015,TOP_10,베테랑,,,전체,javascript:;,
2015,TOP_10,베테랑,,,관련도순,#,
2015,TOP_10,베테랑,,,전체,javascript:;,
2015,TOP_10,베테랑,,,전체,#,
2015,TOP_10,베테랑,,,전체,#,
2015,TOP_10,베테랑,,,전체,javascript:;,
2015,TOP_10,암살,,,관련도순,#,
2015,TOP_10,암살,,,전체,javascript:;,
2015,TOP_10,암살,,,전체,#,
2015,TOP_10,암살,,,전체,#,
2015,TOP_10,암살,,,전체,javascript:;,
2015,TOP_10,암살,,,관련도순,#,
2015,TOP_10,암살,,,전체,javascript:;,
2015,TOP_10,암살,,,전체,#,
2015,TOP_10,암살,,,전체,#,
2015,TOP_10,암살,,,전체,javascript:;,
2015,TOP_10,암살,,,관련도순,#,
2015,TOP_10,암살,,,전체,javascript:;,
2015,TOP_10,암살,,,전체,#,
2015,TOP_10,암살,,,전체,#,
2015,TOP_10,암살,,,전체,javascript:;,
2015,TOP_10,어벤져스: 에이지 오브 울트론,,,관련도순,#,
2015,TOP_10,어벤져스: 에이지 오브 울트론,,,전체,javascript:;,
2015,TOP_10,어벤져스: 에이지 오브 울트론,,,전체,#,
2015,TOP_10,어벤져스: 에이지 오브 울트론,,,전체,#,
2015,TOP_10,어벤져스: 에이지 오브 울트론,,,전체,javascript:;,
2015,TOP_10,어벤져스: 에이지 오브 울트론,,,관련도순,#,
2015,TOP_10,어벤져스: 에이지 오브 울트론,,,전체,javascript:;,
2015,TOP_10,어벤져스: 에이지 오브 울트론,,,전체,#,
2015,TOP_10,어벤져스: 에이지 오브 울트론,,,전체,#,
2015,TOP_10,어벤져스: 에이지 오브 울트론,,,전체,javascript:;,
2015,TOP_10,어벤져스: 에이지 오브 울트론,,,관련도순,#,
2015,TOP_10,어벤져스: 에이지 오브 울트론,,,전체,javascript:;,
2015,TOP_10,어벤져스: 에이지 오브 울트론,,,전체,#,
2015,TOP_10,어벤져스: 에이지 오브 울트론,,,전체,#,
2015,TOP_10,어벤져스: 에이지 오브 울트론,,,전체,javascript:;,
2015,TOP_10,국제시장,,,관련도순,#,
2015,TOP_10,국제시장,,,전체,javascript:;,
2015,TOP_10,국제시장,,,전체,#,
2015,TOP_10,국제시장,,,전체,#,
2015,TOP_10,국제시장,,,전체,javascript:;,
2015,TOP_10,국제시장,,,관련도순,#,
2015,TOP_10,국제시장,,,전체,javascript:;,
2015,TOP_10,국제시장,,,전체,#,
2015,TOP_10,국제시장,,,전체,#,
2015,TOP_10,국제시장,,,전체,javascript:;,
2015,TOP_10,국제시장,,,관련도순,#,
2015,TOP_10,국제시장,,,전체,javascript:;,
2015,TOP_10,국제시장,,,전체,#,
2015,TOP_10,국제시장,,,전체,#,
2015,TOP_10,국제시장,,,전체,javascript:;,
2015,TOP_10,내부자들,,,관련도순,#,
2015,TOP_10,내부자들,,,전체,javascript:;,
2015,TOP_10,내부자들,,,전체,#,
2015,TOP_10,내부자들,,,전체,#,
2015,TOP_10,내부자들,,,전체,javascript:;,
2015,TOP_10,내부자들,,,관련도순,#,
2015,TOP_10,내부자들,,,전체,javascript:;,
2015,TOP_10,내부자들,,,전체,#,
2015,TOP_10,내부자들,,,전체,#,
2015,TOP_10,내부자들,,,전체,javascript:;,
2015,TOP_10,내부자들,,,관련도순,#,
2015,TOP_10,내부자들,,,전체,javascript:;,
2015,TOP_10,내부자들,,,전체,#,
2015,TOP_10,내부자들,,,전체,#,
2015,TOP_10,내부자들,,,전체,javascript:;,
2015,TOP_10,사도,,,관련도순,#,
2015,TOP_10,사도,,,전체,javascript:;,
2015,TOP_10,사도,,,전체,#,
2015,TOP_10,사도,,,전체,#,
2015,TOP_10,사도,,,전체,javascript:;,
2015,TOP_10,사도,,,관련도순,#,
2015,TOP_10,사도,,,전체,javascript:;,
2015,TOP_10,사도,,,전체,#,
2015,TOP_10,사도,,,전체,#,
2015,TOP_10,사도,,,전체,javascript:;,
2015,TOP_10,사도,,,관련도순,#,
2015,TOP_10,사도,,,전체,javascript:;,
2015,TOP_10,사도,,,전체,#,
2015,TOP_10,사도,,,전체,#,
2015,TOP_10,사도,,,전체,javascript:;,
2015,TOP_10,미션 임파서블: 로그네이션,,,관련도순,#,
2015,TOP_10,미션 임파서블: 로그네이션,,,전체,javascript:;,
2015,TOP_10,미션 임파서블: 로그네이션,,,전체,#,
2015,TOP_10,미션 임파서블: 로그네이션,,,전체,#,
2015,TOP_10,미션 임파서블: 로그네이션,,,전체,javascript:;,
2015,TOP_10,미션 임파서블: 로그네이션,,,관련도순,#,
2015,TOP_10,미션 임파서블: 로그네이션,,,전체,javascript:;,
2015,TOP_10,미션 임파서블: 로그네이션,,,전체,#,
2015,TOP_10,미션 임파서블: 로그네이션,,,전체,#,
2015,TOP_10,미션 임파서블: 로그네이션,,,전체,javascript:;,
2015,TOP_10,미션 임파서블: 로그네이션,,,관련도순,#,
2015,TOP_10,미션 임파서블: 로그네이션,,,전체,javascript:;,
2015,TOP_10,미션 임파서블: 로그네이션,,,전체,#,
2015,TOP_10,미션 임파서블: 로그네이션,,,전체,#,
2015,TOP_10,미션 임파서블: 로그네이션,,,전체,javascript:;,
2015,TOP_10,킹스맨 : 시크릿 에이전트,,,관련도순,#,
2015,TOP_10,킹스맨 : 시크릿 에이전트,,,전체,javascript:;,
2015,TOP_10,킹스맨 : 시크릿 에이전트,,,전체,#,
2015,TOP_10,킹스맨 : 시크릿 에이전트,,,전체,#,
2015,TOP_10,킹스맨 : 시크릿 에이전트,,,전체,javascript:;,
2015,TOP_10,킹스맨 : 시크릿 에이전트,,,관련도순,#,
2015,TOP_10,킹스맨 : 시크릿 에이전트,,,전체,javascript:;,
2015,TOP_10,킹스맨 : 시크릿 에이전트,,,전체,#,
2015,TOP_10,킹스맨 : 시크릿 에이전트,,,전체,#,
2015,TOP_10,킹스맨 : 시크릿 에이전트,,,전체,javascript:;,
2015,TOP_10,킹스맨 : 시크릿 에이전트,,,관련도순,#,
2015,TOP_10,킹스맨 : 시크릿 에이전트,,,전체,javascript:;,
2015,TOP_10,킹스맨 : 시크릿 에이전트,,,전체,#,
2015,TOP_10,킹스맨 : 시크릿 에이전트,,,전체,#,
2015,TOP_10,킹스맨 : 시크릿 에이전트,,,전체,javascript:;,
2015,TOP_10,연평해전,,,관련도순,#,
2015,TOP_10,연평해전,,,전체,javascript:;,
2015,TOP_10,연평해전,,,전체,#,
2015,TOP_10,연평해전,,,전체,#,
2015,TOP_10,연평해전,,,전체,javascript:;,
2015,TOP_10,연평해전,,,관련도순,#,
2015,TOP_10,연평해전,,,전체,javascript:;,
2015,TOP_10,연평해전,,,전체,#,
2015,TOP_10,연평해전,,,전체,#,
2015,TOP_10,연평해전,,,전체,javascript:;,
2015,TOP_10,연평해전,,,관련도순,#,
2015,TOP_10,연평해전,,,전체,javascript:;,
2015,TOP_10,연평해전,,,전체,#,
2015,TOP_10,연평해전,,,전체,#,
2015,TOP_10,연평해전,,,전체,javascript:;,
2015,TOP_10,쥬라기 월드,,,관련도순,#,
2015,TOP_10,쥬라기 월드,,,전체,javascript:;,
2015,TOP_10,쥬라기 월드,,,전체,#,
2015,TOP_10,쥬라기 월드,,,전체,#,
2015,TOP_10,쥬라기 월드,,,전체,javascript:;,
2015,TOP_10,쥬라기 월드,,,관련도순,#,
2015,TOP_10,쥬라기 월드,,,전체,javascript:;,
2015,TOP_10,쥬라기 월드,,,전체,#,
2015,TOP_10,쥬라기 월드,,,전체,#,
2015,TOP_10,쥬라기 월드,,,전체,javascript:;,
2015,TOP_10,쥬라기 월드,,,관련도순,#,
2015,TOP_10,쥬라기 월드,,,전체,javascript:;,
2015,TOP_10,쥬라기 월드,,,전체,#,
2015,TOP_10,쥬라기 월드,,,전체,#,
2015,TOP_10,쥬라기 월드,,,전체,javascript:;,
2010,TOP_10,아바타,,,관련도순,#,
2010,TOP_10,아바타,,,전체,javascript:;,
2010,TOP_10,아바타,,,전체,#,
2010,TOP_10,아바타,,,전체,#,
2010,TOP_10,아바타,,,전체,javascript:;,
2010,TOP_10,아바타,,,관련도순,#,
2010,TOP_10,아바타,,,전체,javascript:;,
2010,TOP_10,아바타,,,전체,#,
2010,TOP_10,아바타,,,전체,#,
2010,TOP_10,아바타,,,전체,javascript:;,
2010,TOP_10,아바타,,,관련도순,#,
2010,TOP_10,아바타,,,전체,javascript:;,
2010,TOP_10,아바타,,,전체,#,
2010,TOP_10,아바타,,,전체,#,
2010,TOP_10,아바타,,,전체,javascript:;,
2010,TOP_10,아저씨,,,관련도순,#,
2010,TOP_10,아저씨,,,전체,javascript:;,
2010,TOP_10,아저씨,,,전체,#,
2010,TOP_10,아저씨,,,전체,#,
2010,TOP_10,아저씨,,,전체,javascript:;,
2010,TOP_10,아저씨,,,관련도순,#,
2010,TOP_10,아저씨,,,전체,javascript:;,
2010,TOP_10,아저씨,,,전체,#,
2010,TOP_10,아저씨,,,전체,#,
2010,TOP_10,아저씨,,,전체,javascript:;,
2010,TOP_10,아저씨,,,관련도순,#,
2010,TOP_10,아저씨,,,전체,javascript:;,
2010,TOP_10,아저씨,,,전체,#,
2010,TOP_10,아저씨,,,전체,#,
2010,TOP_10,아저씨,,,전체,javascript:;,
2010,TOP_10,인셉션,,,관련도순,#,
2010,TOP_10,인셉션,,,전체,javascript:;,
2010,TOP_10,인셉션,,,전체,#,
2010,TOP_10,인셉션,,,전체,#,
2010,TOP_10,인셉션,,,전체,javascript:;,
2010,TOP_10,인셉션,,,관련도순,#,
2010,TOP_10,인셉션,,,전체,javascript:;,
2010,TOP_10,인셉션,,,전체,#,
2010,TOP_10,인셉션,,,전체,#,
2010,TOP_10,인셉션,,,전체,javascript:;,
2010,TOP_10,인셉션,,,관련도순,#,
2010,TOP_10,인셉션,,,전체,javascript:;,
2010,TOP_10,인셉션,,,전체,#,
2010,TOP_10,인셉션,,,전체,#,
2010,TOP_10,인셉션,,,전체,javascript:;,
2010,TOP_10,의형제,,,관련도순,#,
2010,TOP_10,의형제,,,전체,javascript:;,
2010,TOP_10,의형제,,,전체,#,
2010,TOP_10,의형제,,,전체,#,
2010,TOP_10,의형제,,,전체,javascript:;,
2010,TOP_10,의형제,,,관련도순,#,
2010,TOP_10,의형제,,,전체,javascript:;,
2010,TOP_10,의형제,,,전체,#,
2010,TOP_10,의형제,,,전체,#,
2010,TOP_10,의형제,,,전체,javascript:;,
2010,TOP_10,의형제,,,관련도순,#,
2010,TOP_10,의형제,,,전체,javascript:;,
2010,TOP_10,의형제,,,전체,#,
2010,TOP_10,의형제,,,전체,#,
2010,TOP_10,의형제,,,전체,javascript:;,
2010,TOP_10,아이언맨 2,,,관련도순,#,
2010,TOP_10,아이언맨 2,,,전체,javascript:;,
2010,TOP_10,아이언맨 2,,,전체,#,
2010,TOP_10,아이언맨 2,,,전체,#,
2010,TOP_10,아이언맨 2,,,전체,javascript:;,
2010,TOP_10,아이언맨 2,,,관련도순,#,
2010,TOP_10,아이언맨 2,,,전체,javascript:;,
2010,TOP_10,아이언맨 2,,,전체,#,
2010,TOP_10,아이언맨 2,,,전체,#,
2010,TOP_10,아이언맨 2,,,전체,javascript:;,
2010,TOP_10,아이언맨 2,,,관련도순,#,
2010,TOP_10,아이언맨 2,,,전체,javascript:;,
2010,TOP_10,아이언맨 2,,,전체,#,
2010,TOP_10,아이언맨 2,,,전체,#,
2010,TOP_10,아이언맨 2,,,전체,javascript:;,
2010,TOP_10,전우치,,,관련도순,#,
2010,TOP_10,전우치,,,전체,javascript:;,
2010,TOP_10,전우치,,,전체,#,
2010,TOP_10,전우치,,,전체,#,
2010,TOP_10,전우치,,,전체,javascript:;,
2010,TOP_10,전우치,,,관련도순,#,
2010,TOP_10,전우치,,,전체,javascript:;,
2010,TOP_10,전우치,,,전체,#,
2010,TOP_10,전우치,,,전체,#,
2010,TOP_10,전우치,,,전체,javascript:;,
2010,TOP_10,전우치,,,관련도순,#,
2010,TOP_10,전우치,,,전체,javascript:;,
2010,TOP_10,전우치,,,전체,#,
2010,TOP_10,전우치,,,전체,#,
2010,TOP_10,전우치,,,전체,javascript:;,
2010,TOP_10,이끼,,,관련도순,#,
2010,TOP_10,이끼,,,전체,javascript:;,
2010,TOP_10,이끼,,,전체,#,
2010,TOP_10,이끼,,,전체,#,
2010,TOP_10,이끼,,,전체,javascript:;,
2010,TOP_10,이끼,,,관련도순,#,
2010,TOP_10,이끼,,,전체,javascript:;,
2010,TOP_10,이끼,,,전체,#,
2010,TOP_10,이끼,,,전체,#,
2010,TOP_10,이끼,,,전체,javascript:;,
2010,TOP_10,이끼,,,관련도순,#,
2010,TOP_10,이끼,,,전체,javascript:;,
2010,TOP_10,이끼,,,전체,#,
2010,TOP_10,이끼,,,전체,#,
2010,TOP_10,이끼,,,전체,javascript:;,
2010,TOP_10,포화속으로,,,관련도순,#,
2010,TOP_10,포화속으로,,,전체,javascript:;,
2010,TOP_10,포화속으로,,,전체,#,
2010,TOP_10,포화속으로,,,전체,#,
2010,TOP_10,포화속으로,,,전체,javascript:;,
2010,TOP_10,포화속으로,,,관련도순,#,
2010,TOP_10,포화속으로,,,전체,javascript:;,
2010,TOP_10,포화속으로,,,전체,#,
2010,TOP_10,포화속으로,,,전체,#,
2010,TOP_10,포화속으로,,,전체,javascript:;,
2010,TOP_10,포화속으로,,,관련도순,#,
2010,TOP_10,포화속으로,,,전체,javascript:;,
2010,TOP_10,포화속으로,,,전체,#,
2010,TOP_10,포화속으로,,,전체,#,
2010,TOP_10,포화속으로,,,전체,javascript:;,
2010,TOP_10,하모니,,,관련도순,#,
2010,TOP_10,하모니,,,전체,javascript:;,
2010,TOP_10,하모니,,,전체,#,
2010,TOP_10,하모니,,,전체,#,
2010,TOP_10,하모니,,,전체,javascript:;,
2010,TOP_10,하모니,,,관련도순,#,
2010,TOP_10,하모니,,,전체,javascript:;,
2010,TOP_10,하모니,,,전체,#,
2010,TOP_10,하모니,,,전체,#,
2010,TOP_10,하모니,,,전체,javascript:;,
2010,TOP_10,하모니,,,관련도순,#,
2010,TOP_10,하모니,,,전체,javascript:;,
2010,TOP_10,하모니,,,전체,#,
2010,TOP_10,하모니,,,전체,#,
2010,TOP_10,하모니,,,전체,javascript:;,
2010,TOP_10,방자전,,,관련도순,#,
2010,TOP_10,방자전,,,전체,javascript:;,
2010,TOP_10,방자전,,,전체,#,
2010,TOP_10,방자전,,,전체,#,
2010,TOP_10,방자전,,,전체,javascript:;,
2010,TOP_10,방자전,,,관련도순,#,
2010,TOP_10,방자전,,,전체,javascript:;,
2010,TOP_10,방자전,,,전체,#,
2010,TOP_10,방자전,,,전체,#,
2010,TOP_10,방자전,,,전체,javascript:;,
2010,TOP_10,방자전,,,관련도순,#,
2010,TOP_10,방자전,,,전체,javascript:;,
2010,TOP_10,방자전,,,전체,#,
2010,TOP_10,방자전,,,전체,#,
2010,TOP_10,방자전,,,전체,javascript:;,
2000,TOP_10,공동경비구역 JSA,,,관련도순,#,
2000,TOP_10,공동경비구역 JSA,,,전체,javascript:;,
2000,TOP_10,공동경비구역 JSA,,,전체,#,
2000,TOP_10,공동경비구역 JSA,,,전체,#,
2000,TOP_10,공동경비구역 JSA,,,전체,javascript:;,
2000,TOP_10,공동경비구역 JSA,,,관련도순,#,
2000,TOP_10,공동경비구역 JSA,,,전체,javascript:;,
2000,TOP_10,공동경비구역 JSA,,,전체,#,
2000,TOP_10,공동경비구역 JSA,,,전체,#,
2000,TOP_10,공동경비구역 JSA,,,전체,javascript:;,
2000,TOP_10,공동경비구역 JSA,,,관련도순,#,
2000,TOP_10,공동경비구역 JSA,,,전체,javascript:;,
2000,TOP_10,공동경비구역 JSA,,,전체,#,
2000,TOP_10,공동경비구역 JSA,,,전체,#,
2000,TOP_10,공동경비구역 JSA,,,전체,javascript:;,
2000,TOP_10,글래디에이터,,,관련도순,#,
2000,TOP_10,글래디에이터,,,전체,javascript:;,
2000,TOP_10,글래디에이터,,,전체,#,
2000,TOP_10,글래디에이터,,,전체,#,
2000,TOP_10,글래디에이터,,,전체,javascript:;,
2000,TOP_10,글래디에이터,,,관련도순,#,
2000,TOP_10,글래디에이터,,,전체,javascript:;,
2000,TOP_10,글래디에이터,,,전체,#,
2000,TOP_10,글래디에이터,,,전체,#,
2000,TOP_10,글래디에이터,,,전체,javascript:;,
2000,TOP_10,글래디에이터,,,관련도순,#,
2000,TOP_10,글래디에이터,,,전체,javascript:;,
2000,TOP_10,글래디에이터,,,전체,#,
2000,TOP_10,글래디에이터,,,전체,#,
2000,TOP_10,글래디에이터,,,전체,javascript:;,
2000,TOP_10,미션 임파서블 2,,,관련도순,#,
2000,TOP_10,미션 임파서블 2,,,전체,javascript:;,
2000,TOP_10,미션 임파서블 2,,,전체,#,
2000,TOP_10,미션 임파서블 2,,,전체,#,
2000,TOP_10,미션 임파서블 2,,,전체,javascript:;,
2000,TOP_10,미션 임파서블 2,,,관련도순,#,
2000,TOP_10,미션 임파서블 2,,,전체,javascript:;,
2000,TOP_10,미션 임파서블 2,,,전체,#,
2000,TOP_10,미션 임파서블 2,,,전체,#,
2000,TOP_10,미션 임파서블 2,,,전체,javascript:;,
2000,TOP_10,미션 임파서블 2,,,관련도순,#,
2000,TOP_10,미션 임파서블 2,,,전체,javascript:;,
2000,TOP_10,미션 임파서블 2,,,전체,#,
2000,TOP_10,미션 임파서블 2,,,전체,#,
2000,TOP_10,미션 임파서블 2,,,전체,javascript:;,
2000,TOP_10,반칙왕,,,관련도순,#,
2000,TOP_10,반칙왕,,,전체,javascript:;,
2000,TOP_10,반칙왕,,,전체,#,
2000,TOP_10,반칙왕,,,전체,#,
2000,TOP_10,반칙왕,,,전체,javascript:;,
2000,TOP_10,반칙왕,,,관련도순,#,
2000,TOP_10,반칙왕,,,전체,javascript:;,
2000,TOP_10,반칙왕,,,전체,#,
2000,TOP_10,반칙왕,,,전체,#,
2000,TOP_10,반칙왕,,,전체,javascript:;,
2000,TOP_10,반칙왕,,,관련도순,#,
2000,TOP_10,반칙왕,,,전체,javascript:;,
2000,TOP_10,반칙왕,,,전체,#,
2000,TOP_10,반칙왕,,,전체,#,
2000,TOP_10,반칙왕,,,전체,javascript:;,
2000,TOP_10,비천무,,,관련도순,#,
2000,TOP_10,비천무,,,전체,javascript:;,
2000,TOP_10,비천무,,,전체,#,
2000,TOP_10,비천무,,,전체,#,
2000,TOP_10,비천무,,,전체,javascript:;,
2000,TOP_10,비천무,,,관련도순,#,
2000,TOP_10,비천무,,,전체,javascript:;,
2000,TOP_10,비천무,,,전체,#,
2000,TOP_10,비천무,,,전체,#,
2000,TOP_10,비천무,,,전체,javascript:;,
2000,TOP_10,비천무,,,관련도순,#,
2000,TOP_10,비천무,,,전체,javascript:;,
2000,TOP_10,비천무,,,전체,#,
2000,TOP_10,비천무,,,전체,#,
2000,TOP_10,비천무,,,전체,javascript:;,
2000,TOP_10,다이너소어,,,관련도순,#,
2000,TOP_10,다이너소어,,,전체,javascript:;,
2000,TOP_10,다이너소어,,,전체,#,
2000,TOP_10,다이너소어,,,전체,#,
2000,TOP_10,다이너소어,,,전체,javascript:;,
2000,TOP_10,다이너소어,,,관련도순,#,
2000,TOP_10,다이너소어,,,전체,javascript:;,
2000,TOP_10,다이너소어,,,전체,#,
2000,TOP_10,다이너소어,,,전체,#,
2000,TOP_10,다이너소어,,,전체,javascript:;,
2000,TOP_10,다이너소어,,,관련도순,#,
2000,TOP_10,다이너소어,,,전체,javascript:;,
2000,TOP_10,다이너소어,,,전체,#,
2000,TOP_10,다이너소어,,,전체,#,
2000,TOP_10,다이너소어,,,전체,javascript:;,
2000,TOP_10,단적비연수,,,관련도순,#,
2000,TOP_10,단적비연수,,,전체,javascript:;,
2000,TOP_10,단적비연수,,,전체,#,
2000,TOP_10,단적비연수,,,전체,#,
2000,TOP_10,단적비연수,,,전체,javascript:;,
2000,TOP_10,단적비연수,,,관련도순,#,
2000,TOP_10,단적비연수,,,전체,javascript:;,
2000,TOP_10,단적비연수,,,전체,#,
2000,TOP_10,단적비연수,,,전체,#,
2000,TOP_10,단적비연수,,,전체,javascript:;,
2000,TOP_10,단적비연수,,,관련도순,#,
2000,TOP_10,단적비연수,,,전체,javascript:;,
2000,TOP_10,단적비연수,,,전체,#,
2000,TOP_10,단적비연수,,,전체,#,
2000,TOP_10,단적비연수,,,전체,javascript:;,
2000,TOP_10,퍼펙트 스톰,,,관련도순,#,
2000,TOP_10,퍼펙트 스톰,,,전체,javascript:;,
2000,TOP_10,퍼펙트 스톰,,,전체,#,
2000,TOP_10,퍼펙트 스톰,,,전체,#,
2000,TOP_10,퍼펙트 스톰,,,전체,javascript:;,
2000,TOP_10,퍼펙트 스톰,,,관련도순,#,
2000,TOP_10,퍼펙트 스톰,,,전체,javascript:;,
2000,TOP_10,퍼펙트 스톰,,,전체,#,
2000,TOP_10,퍼펙트 스톰,,,전체,#,
2000,TOP_10,퍼펙트 스톰,,,전체,javascript:;,
2000,TOP_10,퍼펙트 스톰,,,관련도순,#,
2000,TOP_10,퍼펙트 스톰,,,전체,javascript:;,
2000,TOP_10,퍼펙트 스톰,,,전체,#,
2000,TOP_10,퍼펙트 스톰,,,전체,#,
2000,TOP_10,퍼펙트 스톰,,,전체,javascript:;,
2000,TOP_10,리베라메,,,관련도순,#,
2000,TOP_10,리베라메,,,전체,javascript:;,
2000,TOP_10,리베라메,,,전체,#,
2000,TOP_10,리베라메,,,전체,#,
2000,TOP_10,리베라메,,,전체,javascript:;,
2000,TOP_10,리베라메,,,관련도순,#,
2000,TOP_10,리베라메,,,전체,javascript:;,
2000,TOP_10,리베라메,,,전체,#,
2000,TOP_10,리베라메,,,전체,#,
2000,TOP_10,리베라메,,,전체,javascript:;,
2000,TOP_10,리베라메,,,관련도순,#,
2000,TOP_10,리베라메,,,전체,javascript:;,
2000,TOP_10,리베라메,,,전체,#,
2000,TOP_10,리베라메,,,전체,#,
2000,TOP_10,리베라메,,,전체,javascript:;,
2000,TOP_10,미녀삼총사,,,관련도순,#,
2000,TOP_10,미녀삼총사,,,전체,javascript:;,
2000,TOP_10,미녀삼총사,,,전체,#,
2000,TOP_10,미녀삼총사,,,전체,#,
2000,TOP_10,미녀삼총사,,,전체,javascript:;,
2000,TOP_10,미녀삼총사,,,관련도순,#,
2000,TOP_10,미녀삼총사,,,전체,javascript:;,
2000,TOP_10,미녀삼총사,,,전체,#,
2000,TOP_10,미녀삼총사,,,전체,#,
2000,TOP_10,미녀삼총사,,,전체,javascript:;,
2000,TOP_10,미녀삼총사,,,관련도순,#,
2000,TOP_10,미녀삼총사,,,전체,javascript:;,
2000,TOP_10,미녀삼총사,,,전체,#,
2000,TOP_10,미녀삼총사,,,전체,#,
2000,TOP_10,미녀삼총사,,,전체,javascript:;,
